{"errorCode":"200","errorMsgEn":"","errorMsgAr":"","dataUpdated":"" ,
"responseObject":[
{"code":"1","date":"22-12-2018 12:15 PM","ministryNameEN":"Information and eGovernment Authority (iGA)","ministryNameAR":"هيئة المعلومات والحكومة الإلكترونية (iGA)","headlineEN":"Notification Headline1identity card one month before the expiration date en","headlineAR":"إخطار العنوان 1 ar","messageEN":"You can renew your identity card one month before the expiration date. Note that it ends on 15/04/2018 ","messageAR":"مكنك تجديد بطاقة هويتك قبل شهر واحد من تاريخ انتهاء الصلاحية. علماً بأنها تنتهي بتاريخ 15/04/2018."} 
,{"code":"3","date":"22-12-2018 12:15 PM","ministryNameEN":"Ministry of Works, Municipalities Affairs and Urban Planning","ministryNameAR":"وزارة الأشغال وشئون البلديات والتخطيط العمراني","headlineEN":"Notification Headline6 en","headlineAR":"إخطار العنوان 6","messageEN":"You can renew your identity card one month before the expiration date. Note that it ends on 15/04/2018 ","messageAR":"يمكنك تجديد بطاقة هويتك قبل شهر واحد من تاريخ انتهاء الصلاحية. علماً بأنها تنتهي بتاريخ 15/04/2018."}
,{"code":"3","date":"22-12-2018 12:15 PM","ministryNameEN":"Ministry of Works, Municipalities Affairs and Urban Planning","ministryNameAR":"وزارة الأشغال وشئون البلديات والتخطيط العمراني","ministryNameEN":"Ministry of Works, Municipalities Affairs and Urban Planning","ministryNameAR":"وزارة الأشغال وشئون البلديات والتخطيط العمراني","headlineEN":"Notification Headline2 en","headlineAR":"إخطار العنوان 2","messageEN":"You can renew your identity card one month before the expiration date. Note that it ends on 15/04/2018 ","messageAR":"يمكنك تجديد بطاقة هويتك قبل شهر واحد من تاريخ انتهاء الصلاحية. علماً بأنها تنتهي بتاريخ 15/04/2018."} 
,{"code":"3","date":"22-12-2018 12:15 PM","ministryNameEN":"Ministry of Works, Municipalities Affairs and Urban Planning","ministryNameAR":"وزارة الأشغال وشئون البلديات والتخطيط العمراني","headlineEN":"Notification Headline3 en","headlineAR":"إخطار العنوان 3","messageEN":"You can renew your identity card one month before the expiration date. Note that it ends on 15/04/2018 ","messageAR":"يمكنك تجديد بطاقة هويتك قبل شهر واحد من تاريخ انتهاء الصلاحية. علماً بأنها تنتهي بتاريخ 15/04/2018."} 
,{"code":"5","date":"22-12-2018 12:15 PM","ministryNameEN":"Ministry of labour and Social Development","ministryNameAR":"وزارة العمل والتنمية الاجتماعية","headlineEN":"Notification Headline5 en","headlineAR":"إخطار العنوان 5","messageEN":"You can renew your identity card one month before the expiration date. Note that it ends on 15/04/2018 ","messageAR":"يمكنك تجديد بطاقة هويتك قبل شهر واحد من تاريخ انتهاء الصلاحية. علماً بأنها تنتهي بتاريخ 15/04/2018."} 
,{"code":"5","date":"22-12-2018 12:15 PM","ministryNameEN":"Ministry of labour and Social Development","ministryNameAR":"وزارة العمل والتنمية الاجتماعية","headlineEN":"Notification Headline6 en","headlineAR":"إخطار العنوان 6","messageEN":"You can renew your identity card one month before the expiration date. Note that it ends on 15/04/2018 ","messageAR":"يمكنك تجديد بطاقة هويتك قبل شهر واحد من تاريخ انتهاء الصلاحية. علماً بأنها تنتهي بتاريخ 15/04/2018."}
,{"code":"5","date":"22-12-2018 12:15 PM","ministryNameEN":"Ministry of labour and Social Development","ministryNameAR":"وزارة العمل والتنمية الاجتماعية","headlineEN":"Notification Headline5 en","headlineAR":"إخطار العنوان 5","messageEN":"You can renew your identity card one month before the expiration date. Note that it ends on 15/04/2018 ","messageAR":"يمكنك تجديد بطاقة هويتك قبل شهر واحد من تاريخ انتهاء الصلاحية. علماً بأنها تنتهي بتاريخ 15/04/2018."} 
,{"code":"5","date":"22-12-2018 12:15 PM","ministryNameEN":"Ministry of labour and Social Development","ministryNameAR":"وزارة العمل والتنمية الاجتماعية","headlineEN":"Notification Headline6 en","headlineAR":"إخطار العنوان 6","messageEN":"You can renew your identity card one month before the expiration date. Note that it ends on 15/04/2018 ","messageAR":"يمكنك تجديد بطاقة هويتك قبل شهر واحد من تاريخ انتهاء الصلاحية. علماً بأنها تنتهي بتاريخ 15/04/2018."}
,{"code":"7","date":"22-12-2018 12:15 PM","ministryNameEN":"Social Insurance Organization","ministryNameAR":"الهيئة العامة للتأمين الإجتماعي","headlineEN":"Notification Headline5 en","headlineAR":"إخطار العنوان 5","messageEN":"You can renew your identity card one month before the expiration date. Note that it ends on 15/04/2018 ","messageAR":"يمكنك تجديد بطاقة هويتك قبل شهر واحد من تاريخ انتهاء الصلاحية. علماً بأنها تنتهي بتاريخ 15/04/2018."} 
,{"code":"6","date":"22-12-2018 12:15 PM","ministryNameEN":"Survey and Land Registration Bureau","ministryNameAR":"جهاز المساحة والتسجيل العقاري","headlineEN":"Notification Headline6 en","headlineAR":"إخطار العنوان 6","messageEN":"You can renew your identity card one month before the expiration date. Note that it ends on 15/04/2018 ","messageAR":"يمكنك تجديد بطاقة هويتك قبل شهر واحد من تاريخ انتهاء الصلاحية. علماً بأنها تنتهي بتاريخ 15/04/2018."}
,{"code":"5","date":"22-12-2018 12:15 PM","ministryNameEN":"Ministry of labour and Social Development","ministryNameAR":"وزارة العمل والتنمية الاجتماعية","headlineEN":"Notification Headline6 en","headlineAR":"إخطار العنوان 6","messageEN":"You can renew your identity card one month before the expiration date. Note that it ends on 15/04/2018 ","messageAR":"يمكنك تجديد بطاقة هويتك قبل شهر واحد من تاريخ انتهاء الصلاحية. علماً بأنها تنتهي بتاريخ 15/04/2018."}
,{"code":"10","date":"22-12-2018 12:15 PM","ministryNameEN":"Nationality, Passport and Residence Affairs","ministryNameAR":"شؤون الجنسية و الجوازات و الإقامة","headlineEN":"Notification Headline2 en","headlineAR":"إخطار العنوان 2","messageEN":"You can renew your identity card one month before the expiration date. Note that it ends on 15/04/2018 ","messageAR":"يمكنك تجديد بطاقة هويتك قبل شهر واحد من تاريخ انتهاء الصلاحية. علماً بأنها تنتهي بتاريخ 15/04/2018."} 
,{"code":"10","date":"22-12-2018 12:15 PM","ministryNameEN":"Nationality, Passport and Residence Affairs","ministryNameAR":"شؤون الجنسية و الجوازات و الإقامة","headlineEN":"Notification Headline3 en","headlineAR":"إخطار العنوان 3","messageEN":"You can renew your identity card one month before the expiration date. Note that it ends on 15/04/2018 ","messageAR":"يمكنك تجديد بطاقة هويتك قبل شهر واحد من تاريخ انتهاء الصلاحية. علماً بأنها تنتهي بتاريخ 15/04/2018."} 
]}







